RowNumber,CustomerId,Surname,CreditScore,Geography,Gender,Age,Tenure,Balance,NumOfProducts,HasCrCard,IsActiveMember,EstimatedSalary,Exited,Predicted_Churn
1,15515795,Miller,573.0,1,0,67,6,246914.9,1,1,1,98945.27,0,0
2,15500860,Johnson,490.0,1,1,50,7,72873.94,2,1,0,37508.18,0,0
3,15576820,Brown,599.0,2,0,24,1,192685.63,2,0,0,39644.42,0,1
4,15554886,Brown,564.0,1,0,87,6,106873.91,1,1,1,15809.63,1,1
5,15506265,Jones,599.0,1,0,32,1,135250.72,3,0,0,55089.45,1,1
6,15582386,Davis,728.0,0,1,49,1,199929.69,1,1,1,88364.25,0,0
7,15537194,Smith,789.0,0,1,37,7,83401.7,2,1,0,130110.89,0,0
8,15587498,Davis,560.0,2,0,32,1,216298.34,2,1,1,103369.84,1,1
9,15544131,Smith,667.0,1,0,65,8,228814.3,3,1,0,70955.49,0,0
10,15560263,Williams,381.0,0,0,88,0,214955.96,1,1,0,143436.82,0,0
11,15516023,Jones,507.0,1,1,38,8,8751.98,2,1,1,110694.33,0,1
12,15541090,Brown,634.0,1,1,59,0,196843.34,2,0,0,140223.13,0,0
13,15567221,Miller,654.0,2,0,43,9,102834.87,2,0,1,83862.32,1,1
14,15564820,Smith,599.0,0,0,31,9,218430.73,3,1,1,46246.6,1,1
15,15500769,Davis,826.0,1,0,74,1,159488.57,2,0,1,17395.74,1,1
16,15559735,Brown,635.0,2,0,54,5,208410.78,2,1,1,111651.88,0,0
17,15562955,Smith,493.0,0,0,55,5,124857.94,1,0,1,26982.42,0,0
18,15564925,Smith,773.0,2,0,38,0,133756.38,1,1,0,52388.52,1,1
19,15567969,Smith,368.0,2,1,86,6,36096.91,2,0,0,84545.93,1,1
20,15505311,Miller,367.0,2,0,20,7,195996.84,2,1,0,89018.32,1,1
21,15583104,Jones,606.0,2,1,54,1,104847.4,1,0,1,94081.65,0,0
22,15553707,Miller,427.0,0,0,66,7,125020.03,3,1,0,33275.75,1,1
23,15585305,Johnson,720.0,2,0,36,8,196274.43,3,0,0,63163.24,0,0
24,15528693,Brown,524.0,0,1,29,5,149711.35,3,1,0,96407.19,0,0
25,15571932,Jones,847.0,0,1,78,4,50274.68,3,1,0,145774.64,1,0
26,15593016,Jones,543.0,1,1,58,8,147558.16,3,1,0,111868.36,1,1
27,15525658,Jones,825.0,1,1,50,8,101908.21,3,0,1,139164.53,0,0
28,15584478,Davis,462.0,0,0,67,0,117381.39,3,0,1,116709.69,1,1
29,15518431,Jones,463.0,2,1,85,2,7077.82,3,0,0,92840.38,1,1
30,15502747,Miller,599.0,0,0,88,8,52507.34,1,1,1,36883.27,0,0
31,15559150,Jones,515.0,2,1,50,1,70259.52,3,0,1,103335.99,0,1
32,15565725,Williams,599.0,2,0,41,3,178240.0,3,1,0,97273.14,0,0
33,15584654,Brown,668.0,0,0,78,3,2873.12,3,0,0,94345.68,0,0
34,15535773,Jones,481.0,1,0,78,1,102194.32,2,0,1,78570.02,0,0
35,15567435,Brown,734.0,2,0,45,2,231006.72,1,0,0,84011.92,1,1
36,15556886,Williams,613.0,2,0,75,2,135250.72,1,0,1,56821.95,0,0
37,15566803,Williams,762.0,0,0,60,0,129106.1,1,1,1,82703.78,0,0
38,15531551,Brown,404.0,1,1,58,5,196630.6,3,0,0,37657.83,0,0
39,15511394,Smith,708.0,0,0,56,7,235632.83,3,0,1,122724.42,1,1
40,15569092,Johnson,480.0,2,1,66,2,135250.72,2,1,1,36008.77,0,0
41,15503890,Davis,637.0,1,1,34,4,180141.39,1,1,1,21895.28,0,0
42,15541606,Smith,615.0,1,0,87,0,206622.02,3,0,0,71074.44,0,0
43,15596276,Smith,807.0,2,1,87,9,111550.31,1,0,0,102163.04,1,1
44,15580038,Miller,816.0,0,0,82,6,201461.13,2,1,0,71280.36,0,0
45,15587313,Davis,715.0,0,1,91,9,1991.1,2,1,0,48745.58,0,0
46,15510627,Davis,511.0,0,0,22,0,231140.26,2,1,1,88143.97,0,0
47,15508792,Smith,729.0,1,1,19,8,110826.63,1,0,0,58580.33,1,1
48,15573969,Jones,830.0,0,0,39,7,138345.05,3,0,0,140601.48,1,1
49,15543001,Miller,436.0,2,0,74,6,63720.56,3,0,0,139170.32,1,1
50,15576552,Miller,404.0,0,0,83,9,185632.71,2,1,0,80332.05,1,1
51,15523897,Williams,599.0,2,0,91,6,19158.95,3,1,1,55903.76,0,0
52,15568148,Davis,637.0,0,1,33,4,218158.95,2,1,1,113198.54,0,0
53,15523483,Smith,527.0,0,0,68,4,207029.21,1,0,1,15139.81,1,1
54,15548555,Williams,740.0,1,1,56,4,54015.03,2,1,0,76467.66,1,1
55,15517159,Brown,698.0,1,1,57,0,202331.1,1,0,0,57085.28,0,0
56,15580077,Johnson,357.0,2,1,55,7,196589.43,2,1,1,138875.02,0,0
57,15535920,Miller,670.0,2,0,77,0,158054.15,3,0,0,11680.42,1,1
58,15592067,Brown,662.0,1,1,76,3,93380.04,3,0,0,87394.08,1,1
59,15567121,Brown,596.0,0,1,27,8,67874.69,2,1,1,113692.9,1,1
60,15569479,Jones,672.0,2,1,81,8,57945.9,3,0,1,77902.52,1,1
61,15589475,Johnson,821.0,1,0,80,4,79652.24,3,1,0,21956.42,0,0
62,15519457,Brown,820.0,0,0,66,3,225889.61,3,0,0,146144.59,1,1
63,15566557,Brown,792.0,1,1,81,2,19410.19,1,1,0,82521.46,1,1
64,15577189,Johnson,604.0,0,0,49,2,207217.82,3,1,1,95986.07,0,0
65,15578953,Johnson,677.0,1,0,24,4,87222.52,1,0,1,43125.37,0,0
66,15552995,Brown,403.0,2,1,38,9,130399.85,2,1,1,77689.73,0,1
67,15540757,Johnson,598.0,0,1,37,0,198621.41,3,0,1,70080.93,0,0
68,15509692,Brown,588.0,2,0,43,4,221094.14,3,1,0,20485.42,0,0
69,15545758,Brown,578.0,0,1,85,5,86195.36,3,1,1,24862.45,1,1
70,15572409,Jones,416.0,2,0,32,6,115460.87,2,1,1,127246.15,1,0
71,15571211,Smith,400.0,2,0,31,8,103629.02,1,1,0,43574.79,1,1
72,15565697,Brown,446.0,0,0,44,2,3312.76,1,0,0,37294.16,0,0
73,15537065,Williams,441.0,2,0,57,1,73985.72,3,1,0,80687.6,1,0
74,15592093,Miller,844.0,0,0,75,2,114797.31,2,1,1,117624.6,0,0
75,15599299,Davis,613.0,0,0,45,8,102773.4,2,0,0,18672.51,1,1
76,15532606,Smith,767.0,0,1,43,6,180482.31,2,0,0,90753.11,1,1
77,15511534,Smith,599.0,0,1,80,8,96200.9,2,0,1,26689.46,0,1
78,15594663,Smith,445.0,2,0,83,1,122344.11,2,0,1,15104.55,0,1
79,15540397,Jones,437.0,0,0,42,4,107402.15,1,0,0,17384.15,1,1
80,15591387,Brown,427.0,0,0,20,3,185156.54,1,0,1,126782.98,1,1
81,15501016,Jones,637.0,2,1,89,1,215743.1,1,1,0,26516.15,1,1
82,15589789,Brown,469.0,2,0,61,8,132972.27,3,0,0,16321.19,1,1
83,15555591,Jones,651.0,1,1,59,8,197358.05,2,1,1,71305.98,1,1
84,15589812,Jones,840.0,1,0,23,5,135250.72,3,0,0,128159.09,0,0
85,15523247,Miller,749.0,1,0,56,5,135342.4,2,1,1,46737.17,0,0
86,15524300,Williams,801.0,2,1,69,7,86307.49,1,1,1,69039.77,0,0
87,15574065,Jones,849.0,1,1,40,5,103550.23,3,1,1,15589.15,0,0
88,15582798,Miller,514.0,0,0,67,0,183103.47,1,0,0,72870.99,1,1
89,15509268,Johnson,531.0,1,0,60,3,220415.62,2,0,1,90865.83,1,1
90,15586807,Williams,818.0,1,0,36,6,30373.85,2,0,1,89926.99,0,0
91,15512185,Jones,747.0,2,1,86,1,158659.81,2,0,0,56539.74,1,1
92,15563704,Davis,572.0,1,1,68,8,145535.95,1,1,0,54174.65,0,0
93,15586779,Smith,660.0,2,1,28,7,29603.76,2,0,0,24927.31,1,1
94,15539099,Johnson,781.0,0,1,29,7,52973.58,1,1,0,61351.76,1,1
95,15508571,Johnson,815.0,2,1,91,6,77750.62,3,1,1,23929.25,1,1
96,15538044,Miller,356.0,1,1,25,3,41732.77,2,0,1,117323.43,0,0
97,15551214,Johnson,679.0,0,0,41,1,60932.37,2,0,1,145278.4,0,0
98,15561228,Williams,612.0,0,0,58,2,66900.2,2,0,0,145810.42,0,0
99,15548984,Jones,510.0,0,1,53,5,83918.46,3,1,0,131109.95,0,0
100,15540774,Jones,500.0,0,0,89,4,187347.61,2,0,1,94110.9,1,1
101,15502568,Davis,434.0,0,0,72,7,142978.05,1,1,0,108121.2,1,1
102,15562592,Smith,496.0,2,1,26,5,246561.67,1,0,0,49928.81,1,1
103,15567563,Miller,461.0,2,0,64,5,103683.96,2,1,1,98307.86,1,1
104,15502695,Smith,730.0,2,1,32,0,188466.27,2,0,1,73790.94,0,0
105,15548190,Johnson,752.0,0,1,65,3,217867.11,3,0,0,77482.43,1,1
106,15505258,Davis,385.0,0,0,59,4,169744.62,3,1,0,116088.72,1,1
107,15587538,Smith,634.0,0,1,77,2,102966.19,3,0,0,49468.57,1,1
108,15539504,Williams,537.0,0,1,55,8,188398.66,2,0,1,54525.55,0,0
109,15533159,Jones,431.0,2,1,29,0,50916.78,3,0,1,139449.85,0,0
110,15513986,Johnson,351.0,2,0,19,5,81888.04,3,0,1,17871.4,0,0
111,15561858,Davis,734.0,2,1,24,5,136671.31,1,0,1,77988.8,1,1
112,15512666,Smith,652.0,0,1,20,9,143852.35,3,0,1,137792.11,0,0
113,15538660,Miller,546.0,0,1,20,4,5535.37,1,0,0,95450.82,1,1
114,15503561,Williams,753.0,0,1,44,4,236278.55,1,1,0,86496.99,1,1
115,15526854,Williams,360.0,1,0,57,9,174156.82,3,1,0,44964.19,1,1
116,15564505,Smith,583.0,1,0,50,4,123925.94,1,0,1,58058.57,0,0
117,15552251,Jones,735.0,0,0,18,5,233281.81,2,0,1,129286.78,0,0
118,15522662,Smith,544.0,0,1,25,7,109773.89,2,0,1,88290.54,1,1
119,15508392,Johnson,820.0,1,1,49,1,245108.89,3,1,0,82063.91,1,1
120,15530535,Smith,468.0,0,0,65,5,128071.19,2,1,1,23941.16,0,0
121,15578603,Williams,745.0,0,0,21,0,28571.44,1,0,1,12243.94,0,0
122,15552256,Davis,369.0,0,0,55,3,191200.24,2,1,0,144915.93,0,0
123,15589135,Smith,610.0,1,1,36,9,169724.43,3,0,1,62778.06,1,1
124,15535222,Jones,599.0,2,0,49,2,193246.68,3,0,0,94449.83,1,1
125,15577373,Davis,771.0,0,0,26,8,237860.51,1,0,1,21160.11,1,1
126,15579575,Miller,605.0,0,1,29,2,194122.33,3,0,1,105636.0,0,0
127,15596354,Brown,571.0,0,0,28,5,152834.15,2,1,0,140559.34,0,0
128,15584651,Smith,742.0,1,1,63,0,214327.23,3,1,0,90593.14,0,0
129,15563335,Jones,599.0,2,1,33,5,168311.61,1,0,0,27656.15,1,1
130,15510965,Davis,402.0,1,0,18,3,102029.76,3,1,0,91441.01,1,1
131,15524538,Jones,777.0,2,0,80,7,221404.94,2,1,0,117288.61,0,0
132,15570592,Miller,704.0,1,0,38,8,55475.12,1,0,0,66898.32,1,0
133,15598018,Williams,849.0,2,1,47,3,178660.32,2,1,1,133177.28,0,0
134,15508110,Jones,691.0,1,0,30,9,220390.86,1,0,1,100815.61,1,1
135,15579309,Davis,713.0,1,0,51,9,182829.13,3,0,0,135894.85,0,0
136,15527266,Jones,629.0,1,0,21,5,174318.85,1,0,1,97290.74,1,0
137,15552992,Jones,430.0,1,0,45,0,188159.57,1,0,0,28380.32,1,0
138,15582948,Jones,551.0,0,1,76,3,116263.81,3,1,1,53356.84,0,0
139,15598806,Johnson,507.0,0,0,44,6,218542.67,2,0,0,38251.29,0,0
140,15506910,Johnson,469.0,2,1,86,0,50859.12,3,1,1,137235.71,0,0
141,15590982,Williams,408.0,1,1,42,7,31846.6,1,0,1,116456.01,0,0
142,15500206,Smith,843.0,2,0,20,9,71377.2,3,0,1,104695.77,0,0
143,15587054,Jones,564.0,2,1,85,5,135250.72,1,1,1,52135.28,1,1
144,15587897,Miller,477.0,2,0,42,4,127640.45,3,0,1,35766.27,0,0
145,15523419,Smith,573.0,0,0,37,9,205149.69,3,1,0,115903.15,0,0
146,15550636,Miller,558.0,2,1,51,8,101142.16,2,1,0,76382.11,0,1
147,15550015,Smith,719.0,0,1,43,1,121086.11,1,0,0,41610.54,1,1
148,15554268,Williams,464.0,0,1,22,4,3341.92,2,0,1,96327.08,0,0
149,15587939,Jones,558.0,1,1,78,5,102434.81,1,0,0,15646.74,0,1
150,15518141,Jones,363.0,0,0,26,6,161943.56,3,0,1,55663.84,0,0
151,15580356,Brown,358.0,1,0,67,4,3877.08,1,0,1,75597.98,1,1
152,15571910,Miller,389.0,0,0,23,8,70220.49,2,0,1,30714.17,1,1
153,15556044,Smith,799.0,2,1,77,0,135250.72,2,1,0,147851.63,0,0
154,15567214,Smith,586.0,0,1,61,6,10496.36,2,1,1,39273.63,1,1
155,15533827,Johnson,630.0,2,1,28,9,119815.02,1,0,0,28249.44,0,0
156,15555820,Brown,708.0,2,0,83,6,45430.82,2,1,0,38494.88,1,0
157,15562623,Davis,550.0,2,1,64,3,185770.38,2,1,1,117668.56,0,0
158,15581734,Davis,595.0,0,0,90,8,211981.97,2,0,1,69570.79,1,1
159,15575450,Johnson,627.0,0,1,20,4,136396.3,3,0,0,89158.23,0,1
160,15593426,Johnson,584.0,2,0,47,3,245426.84,3,1,0,12941.28,0,0
161,15522299,Johnson,843.0,1,0,38,6,112619.64,1,0,0,14820.38,1,1
162,15543585,Miller,353.0,0,1,45,3,128342.05,1,1,0,72415.58,0,0
163,15564044,Miller,503.0,1,1,79,2,247304.44,2,0,0,124331.73,0,0
164,15542557,Williams,791.0,2,0,50,8,57887.11,3,1,0,133933.44,0,0
165,15549080,Williams,378.0,0,0,52,7,235636.48,2,1,1,22138.92,0,0
166,15502693,Johnson,458.0,0,1,69,0,10709.39,2,1,0,85370.83,1,1
167,15595003,Brown,447.0,1,1,51,6,111596.72,3,1,0,137852.16,0,0
168,15595259,Smith,564.0,2,0,58,8,17500.88,3,0,0,64316.19,1,1
169,15569163,Miller,642.0,2,1,68,7,182308.69,3,0,0,126139.22,1,1
170,15525939,Brown,424.0,1,0,64,7,152102.23,1,1,1,28717.39,1,1
171,15548925,Jones,675.0,2,0,75,5,176658.57,1,1,1,140955.23,1,1
172,15542941,Miller,495.0,0,1,74,3,93620.1,2,0,0,115199.26,0,0
173,15521834,Miller,477.0,0,1,40,7,92370.48,1,0,0,141786.81,0,0
174,15518047,Williams,690.0,1,1,65,2,11329.82,3,1,0,104726.41,1,1
175,15526105,Smith,391.0,0,1,39,8,87486.23,3,1,1,60876.55,0,1
176,15575766,Smith,705.0,1,1,34,1,232322.1,1,1,1,141345.36,1,1
177,15515707,Davis,390.0,2,0,86,1,94806.63,2,1,1,48579.35,0,0
178,15521976,Davis,771.0,1,0,28,6,207841.93,2,1,1,56504.15,0,0
179,15544262,Davis,599.0,2,1,32,9,135250.72,1,0,1,108113.18,0,0
180,15523776,Davis,366.0,2,1,52,3,93310.29,2,1,1,117144.28,1,1
181,15530080,Jones,514.0,0,1,50,9,157997.17,2,0,0,140116.49,1,1
182,15566842,Jones,502.0,1,0,33,7,23842.9,2,0,1,38672.34,0,0
183,15561373,Miller,835.0,1,1,55,8,25919.65,3,0,1,121719.72,1,0
184,15506776,Johnson,727.0,1,1,83,6,12164.42,3,1,0,113396.45,1,1
185,15592787,Williams,425.0,2,0,55,4,145253.77,1,0,1,18931.24,0,0
186,15555016,Williams,436.0,0,0,45,7,106517.74,3,0,0,64211.24,1,1
187,15509474,Davis,466.0,1,1,64,3,137008.09,2,0,1,49587.16,0,0
188,15558053,Miller,711.0,2,1,56,1,130268.3,3,0,0,52628.66,0,0
189,15521959,Brown,691.0,1,1,87,5,87550.75,1,1,0,147612.56,0,0
190,15505530,Johnson,818.0,2,0,90,8,169368.35,3,1,0,99988.84,1,1
191,15594856,Miller,376.0,2,1,37,0,189625.47,2,0,0,110474.66,0,0
192,15503748,Johnson,662.0,1,1,18,9,3657.06,2,0,0,146726.47,0,0
193,15597504,Johnson,599.0,0,1,89,6,51810.57,1,1,1,62808.25,1,0
194,15598098,Johnson,599.0,2,0,80,9,178308.97,3,1,1,122257.62,1,1
195,15513545,Miller,568.0,2,0,84,8,96655.04,3,1,0,70834.33,1,1
196,15566199,Davis,517.0,0,1,21,9,165620.99,3,0,0,131734.71,1,1
197,15534766,Williams,447.0,1,1,75,8,86740.66,2,1,0,35292.06,0,0
198,15573530,Williams,617.0,2,0,42,9,97688.79,1,0,1,142676.06,1,1
199,15593557,Davis,586.0,2,0,64,2,39669.72,3,0,0,40628.04,1,1
200,15561087,Johnson,658.0,1,0,55,4,64557.75,2,1,0,55670.87,1,0
201,15595839,Brown,804.0,1,0,32,7,151352.94,2,0,0,115866.91,1,1
202,15568840,Smith,743.0,2,0,80,7,108290.78,2,1,0,65125.72,0,0
203,15554384,Miller,599.0,0,0,38,3,193575.67,3,0,1,95149.59,1,1
204,15551005,Smith,750.0,0,0,74,0,213146.24,3,1,0,72240.29,0,0
205,15546576,Davis,759.0,0,0,70,0,135411.6,3,0,0,113931.79,1,1
206,15539353,Brown,818.0,2,0,63,3,189566.82,3,0,1,41966.38,0,0
207,15562003,Miller,825.0,1,1,31,5,76726.13,3,1,0,18184.12,0,0
208,15583211,Davis,539.0,1,1,34,7,103742.8,3,1,0,51990.12,1,1
209,15552733,Johnson,471.0,1,1,56,5,178194.42,3,1,1,76403.21,0,0
210,15565318,Williams,395.0,0,0,26,8,96553.0,3,1,1,33522.81,1,1
211,15589474,Smith,413.0,1,1,23,8,147126.23,3,0,1,59671.62,0,0
212,15523664,Jones,479.0,0,0,40,1,46343.19,2,1,0,65997.62,0,0
213,15567172,Jones,659.0,0,0,76,9,149942.83,3,1,0,18034.86,0,0
214,15585616,Brown,712.0,0,1,63,0,215378.43,1,0,1,91663.01,1,1
215,15593264,Johnson,542.0,2,0,55,1,217159.91,2,1,1,133808.08,0,0
216,15526736,Smith,656.0,0,1,31,4,181086.1,3,1,1,31244.01,1,1
217,15594209,Johnson,530.0,0,1,89,3,186438.34,1,0,0,93693.12,0,0
218,15500854,Smith,641.0,1,1,79,3,139481.86,3,1,0,103063.49,0,0
219,15590084,Brown,720.0,0,0,52,8,146167.02,1,1,1,68706.86,0,0
220,15538623,Brown,631.0,2,1,36,7,135250.72,1,1,0,108153.66,0,0
221,15507392,Jones,378.0,0,0,47,5,110964.8,1,1,1,67502.42,0,0
222,15555680,Johnson,498.0,0,1,42,0,112694.07,1,1,0,80649.22,0,0
223,15546717,Miller,616.0,1,1,57,1,239624.46,2,1,0,11029.43,1,1
224,15587092,Jones,645.0,0,1,31,5,107771.72,2,0,0,106840.82,1,1
225,15550859,Johnson,360.0,1,0,43,1,137335.66,1,1,0,102587.98,1,1
226,15526309,Jones,513.0,0,0,39,9,133312.85,3,0,1,15376.12,0,0
227,15587455,Miller,462.0,1,0,65,4,159190.43,1,0,0,61555.02,1,1
228,15563734,Williams,536.0,1,1,68,4,187058.21,2,0,0,147064.46,0,0
229,15570467,Williams,644.0,0,1,55,5,56260.47,3,0,1,68903.12,1,1
230,15552662,Williams,581.0,0,0,59,5,132181.1,2,1,0,80272.36,1,1
231,15598506,Williams,576.0,1,0,36,5,206479.43,2,1,1,137390.22,0,0
232,15512688,Davis,659.0,2,0,90,1,115778.68,3,1,1,110416.66,0,1
233,15525342,Smith,447.0,2,0,45,9,135250.72,1,0,0,91489.82,1,1
234,15537157,Davis,404.0,1,0,62,2,163677.27,1,1,0,121692.66,1,1
235,15567863,Davis,460.0,2,0,88,5,205941.85,1,1,1,131011.28,1,1
236,15552083,Davis,501.0,1,1,80,7,15785.07,1,1,1,73964.33,1,1
237,15565733,Williams,595.0,0,0,90,0,194197.62,3,0,1,76515.17,0,0
238,15589045,Miller,755.0,2,1,55,0,205411.98,3,0,0,64047.13,1,1
239,15534698,Brown,418.0,1,1,64,1,115380.73,3,1,1,145338.86,0,0
240,15580623,Brown,661.0,1,0,31,5,245826.41,2,0,1,107603.28,0,0
241,15522671,Smith,638.0,1,0,55,8,196677.09,3,0,1,21651.23,1,1
242,15525184,Williams,599.0,0,1,70,3,193415.64,1,1,0,130814.35,0,0
243,15593384,Williams,385.0,2,0,55,2,186959.64,2,0,1,77278.39,1,1
244,15542107,Williams,588.0,1,0,55,7,37652.03,1,0,0,19625.55,0,0
245,15586202,Jones,497.0,0,1,57,9,54307.72,1,1,0,86960.42,0,0
246,15551663,Johnson,816.0,2,0,47,8,115997.53,3,0,1,68403.0,1,1
247,15515708,Jones,576.0,1,1,26,4,66001.09,3,0,0,132884.92,0,0
248,15591906,Johnson,593.0,0,0,81,8,103810.24,1,0,1,38559.24,0,0
249,15549811,Williams,840.0,2,1,50,1,222116.03,1,0,0,125705.05,1,1
250,15502811,Williams,686.0,2,0,69,2,206081.72,2,0,0,88076.42,0,0
251,15556250,Jones,795.0,1,1,31,6,157509.97,3,0,1,17645.44,0,1
252,15572082,Jones,714.0,1,1,70,6,214530.1,2,0,1,146058.34,1,1
253,15534754,Johnson,840.0,1,1,76,5,195943.1,2,0,1,81766.13,1,1
254,15595742,Brown,831.0,2,0,58,5,107246.23,2,1,0,50722.76,0,0
255,15511411,Johnson,550.0,1,0,85,1,50266.29,1,1,0,75716.96,0,0
256,15502911,Jones,599.0,0,1,85,9,128550.26,2,1,1,130100.09,0,0
257,15567270,Miller,799.0,2,1,25,5,184057.22,2,1,1,52686.44,1,1
258,15583763,Jones,422.0,2,1,19,3,109104.9,1,0,0,36974.7,0,0
259,15508680,Miller,550.0,0,0,58,2,166692.98,3,1,0,28069.97,0,0
260,15584896,Smith,645.0,1,1,72,1,23581.86,3,1,0,51700.32,0,0
261,15583879,Jones,366.0,2,0,33,0,187001.18,2,0,1,119206.73,0,0
262,15571295,Smith,478.0,0,1,55,4,203178.4,1,0,0,76027.69,0,0
263,15588614,Brown,566.0,0,1,65,1,176709.46,3,0,1,41847.42,0,0
264,15511111,Johnson,410.0,1,1,47,1,241815.9,2,0,0,33265.9,1,1
265,15537504,Miller,776.0,2,1,29,6,206663.01,2,0,0,56582.13,1,1
266,15501802,Johnson,453.0,0,1,52,7,225773.43,1,1,1,141589.41,0,0
267,15508155,Smith,391.0,2,1,28,9,233392.77,2,0,1,58023.74,0,0
268,15573656,Miller,374.0,0,0,81,7,200337.0,3,1,1,148337.37,1,1
269,15539384,Johnson,388.0,0,1,67,3,168564.71,1,1,0,77932.26,1,1
270,15547254,Jones,640.0,0,0,38,0,1429.65,3,0,0,35082.95,1,1
271,15521918,Williams,480.0,1,1,86,6,116456.44,3,1,0,134759.61,0,0
272,15585981,Smith,847.0,2,1,65,0,142790.57,3,1,1,74449.75,0,1
273,15560713,Johnson,578.0,1,0,37,3,76007.57,2,0,0,109353.99,0,0
274,15530306,Smith,457.0,1,1,84,7,79526.11,2,1,1,147719.62,0,0
275,15516646,Davis,521.0,0,0,61,1,240289.85,3,1,1,17024.55,1,1
276,15546843,Smith,784.0,0,0,50,5,222927.72,3,1,1,23537.24,1,0
277,15596601,Miller,827.0,0,1,90,5,212294.75,1,0,0,110863.94,1,1
278,15590735,Davis,451.0,1,0,78,8,101502.95,1,0,0,49455.5,1,1
279,15516371,Miller,703.0,2,0,26,4,3424.64,2,0,1,35802.2,0,0
280,15577371,Williams,361.0,0,1,85,9,20055.56,2,1,0,15510.66,0,0
281,15502049,Davis,624.0,2,0,52,3,78049.09,1,0,1,13058.54,1,1
282,15531616,Jones,450.0,0,1,82,4,3935.73,3,1,1,118427.98,1,1
283,15520932,Smith,393.0,2,1,25,9,4287.45,2,0,0,28820.68,1,1
284,15529855,Johnson,792.0,1,1,62,4,229150.83,3,1,1,75480.89,1,1
285,15561434,Brown,654.0,1,1,64,7,176539.63,1,0,1,94825.55,1,1
286,15572694,Smith,794.0,1,0,57,9,77239.0,2,0,0,69969.25,0,0
287,15543016,Smith,599.0,0,1,71,7,33161.14,2,1,1,13794.93,0,0
288,15507400,Williams,679.0,2,1,63,1,127908.93,1,0,1,119690.21,1,1
289,15542642,Jones,406.0,0,0,64,6,1336.54,2,1,1,11471.85,1,1
290,15515151,Brown,660.0,0,0,32,7,234603.44,1,0,1,116664.59,1,1
291,15551407,Davis,846.0,1,1,36,5,103703.78,2,0,1,135062.63,0,0
292,15566690,Davis,652.0,0,0,43,4,100583.74,1,1,1,70597.59,0,0
293,15504499,Davis,361.0,2,0,69,8,97648.4,2,1,1,84975.95,0,1
294,15506295,Miller,667.0,0,0,39,2,17332.08,3,1,0,76777.67,1,1
295,15559040,Miller,429.0,0,0,38,9,159580.56,3,0,0,64489.21,0,0
296,15512183,Johnson,565.0,0,0,55,3,183250.9,3,1,1,134239.43,1,1
297,15529299,Brown,688.0,2,0,55,8,169031.35,2,0,1,135150.69,0,0
298,15512874,Davis,613.0,0,0,37,5,34608.87,2,1,0,57014.29,0,0
299,15532711,Miller,828.0,0,1,46,7,144710.04,3,1,0,96109.77,0,0
300,15505539,Johnson,498.0,0,0,68,6,142371.12,3,1,0,139767.06,1,1
301,15553351,Jones,430.0,2,0,21,1,217102.7,1,1,0,144688.19,1,1
302,15561267,Johnson,564.0,1,0,72,2,94781.91,1,1,0,81254.27,0,0
303,15548354,Miller,834.0,1,1,88,0,92871.49,1,1,1,73395.47,1,1
304,15502557,Williams,723.0,0,1,45,8,154631.76,3,0,0,49017.2,1,1
305,15538360,Williams,813.0,0,0,21,6,158268.16,3,1,0,144242.06,1,1
306,15582018,Davis,547.0,0,0,39,0,117321.31,3,0,0,29994.0,1,1
307,15502200,Williams,549.0,0,0,62,2,110764.84,1,1,1,91176.14,1,1
308,15568497,Davis,374.0,0,1,84,3,123536.92,2,1,1,49557.04,1,1
309,15546975,Davis,815.0,0,1,83,3,215261.32,3,1,1,49061.16,1,1
310,15521357,Miller,438.0,2,0,51,4,115291.73,2,0,1,66695.6,0,0
311,15577505,Williams,617.0,0,1,72,2,234982.95,2,0,1,149831.01,1,1
312,15502869,Davis,492.0,2,0,18,2,126000.94,2,1,1,17695.28,1,0
313,15561135,Brown,408.0,1,1,89,0,237300.17,1,0,0,90995.85,0,0
314,15550108,Jones,759.0,0,1,55,6,208207.98,2,1,1,21560.1,0,0
315,15594179,Johnson,838.0,1,0,23,9,90607.83,3,1,1,31632.92,0,1
316,15590272,Johnson,599.0,2,0,42,0,215910.36,1,0,0,71538.81,0,0
317,15538467,Miller,375.0,1,0,34,1,27515.82,3,0,1,81464.42,1,1
318,15523328,Williams,396.0,0,0,55,3,231261.79,3,0,0,46230.94,0,0
319,15591412,Williams,599.0,1,1,29,3,157910.88,1,0,0,54304.0,0,0
320,15586831,Davis,615.0,0,0,23,4,13597.69,3,1,1,22175.38,1,1
321,15503987,Smith,365.0,1,1,44,1,161064.18,3,0,0,52450.77,1,1
322,15558871,Davis,548.0,1,0,25,3,243561.91,1,0,0,145318.18,1,1
323,15522399,Jones,750.0,0,1,82,0,17450.16,3,1,0,142259.03,0,0
324,15546214,Brown,756.0,2,0,74,1,138671.93,2,0,0,56882.96,1,1
325,15599522,Johnson,599.0,2,0,57,0,186948.59,3,0,1,89919.55,0,0
326,15586416,Davis,818.0,1,0,31,9,202564.65,2,0,0,137343.35,1,1
327,15570271,Smith,435.0,1,0,52,9,103456.87,3,0,1,10865.74,1,1
328,15544064,Smith,599.0,2,1,65,3,51041.64,1,1,0,123495.7,0,0
329,15570091,Davis,740.0,1,0,73,3,10585.57,1,1,0,142771.74,1,1
330,15540818,Miller,619.0,0,0,66,6,144931.54,3,0,0,22785.6,1,1
331,15545525,Johnson,684.0,0,1,30,9,113227.77,1,0,1,32602.68,1,1
332,15519830,Miller,466.0,2,0,78,8,237186.1,3,1,1,144504.48,1,1
333,15517429,Brown,356.0,2,0,66,8,135250.72,1,0,1,85255.62,1,1
334,15506893,Smith,486.0,0,0,63,4,171348.84,2,0,0,11987.53,0,1
335,15579909,Smith,720.0,1,1,79,9,6241.56,3,0,0,46068.48,0,0
336,15547333,Jones,525.0,0,1,25,0,42858.54,2,0,0,72992.11,1,1
337,15503436,Brown,677.0,1,0,60,0,113394.75,2,0,0,107007.25,0,0
338,15574290,Smith,847.0,1,1,37,5,113718.11,3,0,1,112642.45,0,0
339,15576213,Brown,664.0,2,0,55,1,171425.14,2,0,0,149359.01,0,0
340,15505895,Johnson,564.0,2,0,66,7,227553.26,3,0,1,50251.57,1,1
341,15519738,Williams,826.0,2,0,81,8,159758.04,2,0,0,85350.81,1,1
342,15530746,Smith,431.0,1,0,79,3,238383.77,3,1,1,84665.3,1,1
343,15549377,Jones,572.0,0,0,71,4,220403.91,3,1,1,66790.34,0,0
344,15548404,Johnson,827.0,1,1,26,7,146124.95,1,1,0,33682.67,0,0
345,15554045,Davis,599.0,1,0,55,2,135250.72,3,0,0,146843.92,1,1
346,15597888,Brown,772.0,0,1,66,4,160644.4,3,0,1,129464.41,1,1
347,15539790,Davis,832.0,2,1,58,2,19639.46,2,1,0,79766.62,0,0
348,15505600,Miller,751.0,1,0,34,9,135250.72,3,0,0,94454.36,0,0
349,15594660,Johnson,792.0,0,0,38,2,23727.11,1,1,1,41816.55,1,1
350,15593179,Davis,839.0,2,0,55,2,148520.7,2,0,1,86130.19,0,0
351,15540764,Smith,452.0,0,1,76,6,175660.05,2,1,1,107295.82,0,0
352,15574543,Brown,622.0,2,1,56,6,16631.9,1,1,1,82123.38,0,0
353,15545714,Williams,363.0,1,0,72,6,57698.66,2,1,0,148639.92,0,1
354,15556835,Johnson,508.0,0,1,58,9,228918.06,2,0,1,95587.83,0,0
355,15573744,Smith,501.0,1,0,56,7,154078.62,2,1,1,61936.32,0,0
356,15556491,Jones,832.0,1,0,30,4,61571.5,2,0,1,118101.28,0,0
357,15518589,Miller,457.0,0,0,81,4,172669.94,1,0,0,33864.75,1,1
358,15543484,Brown,537.0,1,1,55,3,149194.1,1,0,1,63832.21,1,1
359,15582989,Johnson,650.0,1,0,36,6,125393.92,2,0,0,58574.25,0,0
360,15536212,Johnson,447.0,0,0,28,9,244046.74,2,0,1,70452.99,0,0
361,15543525,Williams,480.0,1,0,63,3,170863.44,1,0,1,119449.18,0,0
362,15547202,Williams,642.0,2,0,62,1,93860.28,1,0,0,77784.22,1,1
363,15532635,Jones,520.0,1,0,18,3,200018.36,1,1,1,121162.02,1,1
364,15563208,Miller,773.0,2,0,55,7,221145.82,2,1,1,90708.45,0,0
365,15533828,Jones,823.0,1,0,55,8,31305.14,2,1,0,57889.72,1,1
366,15518711,Smith,532.0,0,0,89,2,50138.24,3,0,1,123397.02,0,0
367,15503420,Smith,820.0,1,1,55,6,54056.75,1,0,1,43360.55,0,0
368,15596752,Jones,713.0,2,0,78,8,172802.95,2,0,1,41413.62,0,0
369,15500301,Miller,388.0,1,1,29,3,150759.89,1,0,1,80630.41,0,0
370,15545236,Jones,364.0,2,0,78,9,154747.89,2,1,0,46518.89,0,1
371,15566235,Miller,725.0,1,1,50,2,135250.72,1,0,1,11272.18,0,0
372,15554240,Miller,846.0,1,1,62,4,193977.88,2,1,0,100761.65,0,0
373,15565726,Davis,353.0,0,0,86,0,31984.23,3,0,1,81553.14,1,1
374,15510492,Brown,698.0,1,0,55,2,86876.77,3,1,0,72372.49,0,0
375,15506102,Miller,819.0,0,0,42,7,108848.41,1,0,1,145375.59,1,1
376,15550336,Williams,758.0,0,1,63,7,98990.4,2,1,0,89967.89,0,0
377,15585314,Miller,599.0,2,0,47,3,167327.15,2,0,1,130880.42,0,0
378,15526641,Miller,559.0,0,1,64,1,222973.28,1,1,0,29523.03,1,1
379,15534584,Miller,510.0,2,0,66,7,76512.87,2,0,0,89688.9,1,1
380,15532745,Davis,365.0,0,1,64,7,137969.28,1,1,1,131517.15,0,0
381,15523093,Davis,599.0,0,1,35,9,197352.36,2,1,0,91634.81,1,1
382,15566105,Smith,775.0,0,0,83,3,104054.51,1,0,1,110521.98,0,1
383,15551885,Davis,457.0,2,1,85,2,42029.53,2,1,1,62086.1,0,0
384,15536631,Williams,731.0,2,1,50,1,118737.74,1,0,1,22942.93,1,1
385,15572991,Williams,799.0,1,0,53,8,13805.63,2,0,1,74106.04,1,1
386,15504014,Davis,660.0,1,1,36,0,235595.86,3,0,1,65227.11,1,1
387,15511093,Jones,576.0,0,0,45,6,18705.3,2,1,0,131388.43,1,1
388,15518070,Brown,519.0,1,0,57,4,109614.18,1,1,1,44159.34,0,0
389,15535777,Davis,383.0,2,0,32,7,132470.32,3,0,1,145342.79,1,1
390,15556958,Miller,763.0,0,0,58,3,246325.96,2,0,1,144139.34,1,1
391,15582074,Johnson,600.0,1,0,56,6,41505.46,3,1,1,44668.43,1,0
392,15510729,Brown,596.0,1,1,19,4,135250.72,2,1,1,58727.27,1,1
393,15599713,Brown,618.0,2,1,80,4,2176.54,3,1,1,135377.8,1,1
394,15545017,Williams,490.0,0,0,46,8,38892.86,1,0,0,145327.11,0,1
395,15566320,Brown,623.0,0,0,91,8,51818.24,2,0,0,72081.47,0,0
396,15527751,Davis,765.0,0,1,83,8,157645.24,2,0,1,54939.59,1,1
397,15578069,Miller,599.0,0,0,55,5,54926.7,1,0,0,83653.16,1,1
398,15554748,Miller,576.0,1,0,27,5,5130.2,3,0,1,106287.69,0,0
399,15505801,Smith,728.0,0,0,31,4,206654.59,1,1,1,48286.43,1,1
400,15519190,Miller,388.0,1,1,68,8,91398.93,1,0,1,113106.24,0,0
401,15549689,Miller,651.0,1,1,90,9,88424.17,3,1,1,17232.03,0,0
402,15550993,Williams,849.0,0,0,56,7,75619.76,1,1,1,16901.23,1,1
403,15529592,Miller,378.0,2,0,45,6,243843.32,2,0,0,64080.28,0,0
404,15510647,Smith,795.0,0,1,20,6,42528.85,2,1,0,59486.25,1,1
405,15508716,Johnson,846.0,1,1,87,5,224559.52,2,0,0,54188.65,1,1
406,15588891,Davis,826.0,1,0,44,4,194200.83,1,1,0,78742.77,0,0
407,15587545,Williams,667.0,2,0,19,3,19119.99,2,0,1,54902.7,0,0
408,15589912,Johnson,594.0,2,1,55,2,246682.28,2,0,0,36916.11,1,1
409,15570316,Williams,585.0,0,1,20,2,67841.49,2,1,1,53325.74,0,0
410,15502368,Jones,534.0,2,1,33,5,24645.73,2,0,0,146486.6,1,1
411,15577575,Brown,621.0,2,0,57,3,207328.56,2,1,0,67555.88,0,0
412,15506655,Jones,789.0,2,1,19,5,176668.88,2,0,0,72259.79,0,1
413,15570031,Miller,585.0,1,0,58,2,154304.7,1,0,0,90716.3,1,0
414,15576429,Johnson,588.0,0,1,55,3,38995.22,2,0,1,147667.71,1,1
415,15591083,Miller,726.0,1,1,52,8,135250.72,2,1,0,43824.18,1,1
416,15587922,Brown,615.0,0,1,82,4,195139.01,3,1,0,105379.5,0,0
417,15555766,Williams,763.0,2,1,72,6,75905.98,1,0,1,110237.86,1,1
418,15513403,Brown,758.0,1,0,62,9,77922.46,1,1,1,95025.42,1,1
419,15532097,Smith,708.0,2,0,79,1,785.23,1,0,0,22400.97,0,0
420,15578657,Brown,689.0,0,1,66,4,43560.85,1,1,1,104762.12,0,0
421,15510966,Smith,738.0,2,0,42,8,218851.41,2,1,1,18973.26,1,0
422,15599157,Brown,414.0,2,1,40,2,110436.62,2,0,1,93459.97,1,1
423,15593848,Davis,827.0,0,1,41,8,246058.62,3,0,0,113541.36,1,1
424,15552921,Smith,526.0,1,1,55,5,98926.99,3,0,1,39535.78,1,1
425,15549726,Johnson,352.0,0,1,45,3,178796.61,1,0,0,127827.08,0,1
426,15550300,Miller,778.0,0,0,38,6,70479.76,3,0,0,14249.53,0,0
427,15522677,Miller,491.0,1,1,71,7,90952.41,3,1,0,128133.8,1,0
428,15555609,Jones,725.0,1,1,35,5,47681.5,1,1,0,74446.07,1,1
429,15596825,Miller,507.0,2,0,53,4,86765.59,1,0,1,40462.31,1,1
430,15556661,Williams,847.0,0,1,62,5,136809.38,3,0,0,28728.94,0,0
431,15531024,Davis,673.0,1,1,90,4,247943.22,2,0,1,143463.0,1,1
432,15570313,Brown,495.0,0,1,70,7,166050.43,3,1,0,20173.18,1,0
433,15553006,Jones,795.0,0,0,47,0,49811.49,3,0,1,37873.08,0,0
434,15595285,Williams,642.0,0,1,77,6,11240.36,2,0,0,58695.13,0,0
435,15515338,Williams,502.0,0,0,49,9,31589.12,2,1,1,96832.88,1,1
436,15568027,Smith,781.0,2,1,84,9,140638.8,1,1,0,86272.15,1,1
437,15592772,Miller,542.0,0,1,84,1,135250.72,1,1,0,27590.09,0,0
438,15580135,Johnson,786.0,2,0,45,8,235104.8,3,1,1,50561.92,1,1
439,15519508,Johnson,843.0,1,1,61,0,3955.79,2,0,0,43425.25,1,1
440,15503051,Jones,812.0,2,1,58,9,130690.04,1,1,0,39896.0,0,0
441,15548747,Davis,422.0,2,0,80,5,117716.84,3,1,0,67560.21,0,0
442,15587142,Johnson,748.0,2,0,40,8,164013.76,2,0,1,108564.4,0,0
443,15587235,Brown,654.0,2,0,65,0,139894.71,3,0,0,40443.41,1,1
444,15554021,Johnson,726.0,1,0,49,3,171759.79,1,0,0,61335.04,0,0
445,15566412,Jones,693.0,1,0,74,3,164520.65,1,1,1,64728.44,0,0
446,15558335,Johnson,801.0,2,1,50,8,29252.93,2,0,1,146703.91,1,0
447,15556179,Brown,489.0,0,0,55,4,199929.48,3,1,1,143653.29,1,1
448,15532093,Smith,536.0,2,1,56,4,30808.14,2,1,1,122019.26,0,0
449,15569678,Davis,642.0,1,1,51,5,174632.66,1,1,1,43832.25,0,0
450,15580738,Jones,410.0,1,0,73,0,104036.34,1,0,0,19525.22,1,1
451,15539734,Smith,834.0,1,0,45,0,128462.68,3,1,0,54366.58,1,1
452,15572615,Smith,599.0,2,0,54,8,225824.5,3,0,0,47351.24,0,0
453,15573523,Smith,599.0,0,1,24,2,222470.93,3,0,1,80829.61,0,0
454,15594476,Williams,547.0,1,0,85,3,204464.08,2,0,0,118881.91,1,1
455,15517019,Davis,644.0,1,0,54,0,127537.1,3,1,1,130165.21,0,0
456,15583613,Miller,789.0,1,0,73,8,184059.95,3,1,1,128280.97,1,1
457,15591794,Davis,599.0,0,0,82,7,128224.26,1,1,0,60354.58,0,0
458,15586672,Williams,651.0,0,1,82,1,217401.52,1,0,1,106212.81,1,1
459,15573847,Miller,693.0,1,1,64,7,100693.96,3,1,1,53796.79,1,1
460,15582750,Davis,360.0,1,0,37,6,242558.84,3,1,0,18526.78,0,0
461,15579634,Smith,411.0,1,1,36,5,233080.69,1,1,1,108219.14,0,0
462,15528251,Jones,682.0,0,0,46,0,185400.65,3,1,1,11375.86,1,1
463,15525945,Miller,575.0,0,0,91,6,69853.97,2,1,0,67285.56,0,0
464,15590852,Brown,502.0,2,1,77,9,135250.72,2,0,1,56113.1,0,0
465,15532217,Brown,548.0,2,1,35,6,213675.86,2,0,1,107072.86,0,0
466,15508308,Johnson,401.0,2,1,52,8,41325.57,3,0,0,117274.37,1,1
467,15505949,Miller,609.0,1,0,60,0,213565.2,1,0,0,52573.25,0,0
468,15551990,Jones,408.0,0,1,28,1,122691.25,3,1,0,123627.78,0,0
469,15501150,Williams,421.0,2,0,66,8,101639.2,3,0,0,51148.35,1,1
470,15589480,Smith,497.0,2,1,55,8,225797.69,1,1,1,72485.69,0,0
471,15574740,Johnson,698.0,1,1,81,5,150962.75,1,0,1,111782.59,0,0
472,15566617,Brown,412.0,1,0,86,5,144153.5,1,0,0,107008.83,1,1
473,15594841,Williams,659.0,2,0,25,3,139691.49,2,0,1,148231.59,1,1
474,15516896,Williams,722.0,1,0,51,3,92792.38,3,1,1,41522.54,0,0
475,15546175,Smith,592.0,0,0,65,4,196410.78,1,1,0,102724.51,0,0
476,15507805,Miller,842.0,0,0,73,2,63199.61,3,0,0,95355.47,1,1
477,15505237,Brown,715.0,0,0,82,0,234723.74,2,1,1,138113.78,1,1
478,15520056,Jones,679.0,2,0,48,0,135250.72,2,0,0,31890.7,0,0
479,15545543,Williams,456.0,2,0,21,6,84370.08,1,0,0,115251.74,0,1
480,15556556,Smith,575.0,0,1,67,0,182365.94,1,0,0,89557.61,0,1
481,15503343,Jones,662.0,1,0,86,0,143305.8,3,1,1,48453.22,1,1
482,15513500,Miller,599.0,1,0,47,2,84412.33,1,0,0,76420.89,0,0
483,15553222,Brown,774.0,2,1,76,9,247130.41,3,0,1,56728.72,1,1
484,15529375,Miller,590.0,2,0,84,3,6309.34,1,0,1,91103.88,1,1
485,15509662,Williams,608.0,1,1,62,3,63161.51,3,1,1,134460.09,1,1
486,15516964,Jones,725.0,2,1,21,1,130018.52,3,0,0,89702.7,0,0
487,15559638,Jones,611.0,1,0,43,0,130488.25,3,1,0,98441.14,0,0
488,15573666,Jones,354.0,0,1,44,2,147233.27,3,0,0,82624.7,0,0
489,15585067,Williams,610.0,1,0,63,3,135250.72,2,1,0,17163.17,1,1
490,15567215,Williams,403.0,0,1,81,2,155869.46,3,0,0,42600.2,0,0
491,15569042,Miller,396.0,2,1,68,7,150070.37,1,0,1,78880.24,1,1
492,15513284,Johnson,599.0,2,1,67,9,13378.62,2,1,1,53432.94,1,1
493,15572789,Miller,599.0,1,0,23,0,94132.57,2,1,1,35446.9,1,1
494,15584664,Brown,358.0,0,0,76,1,58013.93,3,0,0,80578.6,1,1
495,15593468,Smith,448.0,2,1,32,6,66342.53,2,1,1,55193.37,1,1
496,15561389,Jones,369.0,1,1,47,3,138584.37,3,0,1,46135.07,1,1
497,15509435,Johnson,727.0,0,0,59,7,49876.33,1,0,0,74957.96,0,0
498,15554340,Smith,590.0,2,0,55,2,73487.28,3,0,0,28659.8,1,1
499,15544078,Johnson,410.0,1,1,59,5,59271.18,2,1,1,139884.4,0,0
500,15578832,Davis,728.0,1,1,52,8,237125.74,1,0,1,131478.29,1,1
501,15551293,Miller,839.0,0,0,23,0,236166.43,3,1,0,109066.88,0,0
502,15595981,Williams,768.0,1,0,85,0,152485.39,1,0,0,24869.94,0,0
503,15578781,Jones,527.0,0,0,35,7,231130.62,1,1,0,118622.82,0,0
504,15560403,Miller,687.0,1,0,90,2,196453.16,2,1,0,123114.03,0,0
505,15529124,Smith,411.0,0,0,55,4,147486.97,1,0,1,117487.05,1,1
506,15595435,Davis,494.0,2,1,76,0,1608.8,2,1,1,25955.22,1,1
507,15543919,Davis,565.0,2,0,64,4,193129.07,1,0,0,100147.11,1,1
508,15535247,Davis,352.0,0,1,34,5,175622.09,3,0,1,126805.47,1,1
509,15594758,Smith,509.0,1,0,39,7,153813.41,1,0,1,90829.48,0,0
510,15591747,Smith,576.0,1,1,85,2,190106.08,3,0,0,100497.03,0,0
511,15562752,Smith,835.0,0,0,86,2,128230.54,3,0,1,74170.89,0,0
512,15556573,Smith,618.0,1,0,54,9,176020.82,1,1,1,84019.02,1,1
513,15559101,Davis,469.0,1,1,66,8,233793.02,3,0,1,14812.76,0,0
514,15526646,Davis,730.0,1,1,30,3,93951.25,1,1,0,99454.82,1,1
515,15523049,Johnson,844.0,0,0,51,3,135250.72,1,1,0,21402.61,0,0
516,15579605,Miller,438.0,0,0,55,6,118921.95,3,0,1,70902.04,0,0
517,15598116,Jones,678.0,0,0,68,1,168599.91,3,1,0,50971.71,0,0
518,15597379,Williams,417.0,2,0,20,7,190723.33,2,0,0,86359.91,0,1
519,15568385,Davis,747.0,2,0,59,5,135250.72,3,1,0,28678.29,0,0
520,15540158,Williams,706.0,0,1,49,2,161650.11,2,1,1,106830.08,1,1
521,15565417,Miller,447.0,0,1,68,8,135250.72,3,1,1,121301.62,0,0
522,15523289,Miller,616.0,1,0,63,4,167508.13,1,0,0,32869.62,1,1
523,15509823,Williams,454.0,1,1,38,7,117082.55,3,1,1,24603.83,1,1
524,15560160,Davis,789.0,2,1,61,6,193388.19,1,0,1,30372.17,1,1
525,15541975,Williams,599.0,1,1,28,7,135250.72,1,1,1,132797.86,1,1
526,15509540,Johnson,472.0,2,0,85,6,156580.59,1,1,1,83946.5,1,1
527,15516364,Brown,825.0,2,0,18,2,69617.68,2,1,1,75416.54,1,1
528,15504611,Davis,378.0,1,0,80,1,213245.5,3,1,0,24939.65,1,1
529,15527663,Davis,486.0,2,1,41,6,135250.72,1,0,1,100937.84,1,1
530,15551991,Jones,544.0,0,0,30,2,249099.57,1,0,1,131519.94,0,0
531,15557679,Smith,758.0,0,1,28,2,199001.85,2,1,1,125946.02,0,0
532,15530977,Brown,575.0,1,0,68,1,188433.52,3,1,0,97647.66,1,1
533,15594704,Miller,681.0,0,0,34,3,53875.19,3,0,0,20539.02,1,1
534,15549115,Davis,519.0,1,1,41,7,84001.76,2,0,0,25735.58,1,1
535,15591007,Williams,358.0,1,0,36,0,116420.64,2,0,1,16903.26,0,0
536,15588223,Brown,812.0,0,0,54,0,193345.26,3,0,0,46047.09,0,0
537,15560890,Jones,389.0,1,0,25,4,228741.47,2,1,0,28992.61,1,1
538,15566387,Miller,374.0,1,0,45,4,47284.78,3,1,0,46406.73,1,0
539,15518071,Smith,610.0,0,0,22,0,230591.87,3,0,0,63908.13,0,0
540,15559275,Smith,744.0,1,0,34,5,173906.16,1,0,1,142017.59,0,0
541,15572369,Jones,792.0,2,0,53,0,152692.68,1,0,0,95452.65,1,1
542,15511938,Jones,575.0,1,0,36,4,49960.32,3,0,0,126896.33,1,0
543,15535195,Williams,821.0,0,1,55,8,13881.26,3,0,1,109449.21,1,1
544,15591680,Davis,599.0,1,1,28,4,142116.22,3,0,1,25750.44,1,1
545,15504000,Smith,812.0,2,0,71,5,162878.92,3,1,0,113028.86,0,0
546,15570588,Miller,387.0,0,0,62,7,52695.36,3,1,1,48513.84,0,1
547,15593610,Brown,599.0,0,1,64,0,139114.05,3,1,0,99475.1,1,1
548,15597856,Miller,600.0,1,1,29,1,214123.35,2,0,1,57734.68,1,1
549,15538304,Johnson,738.0,0,1,38,8,208766.49,3,0,1,149674.12,1,1
550,15569449,Johnson,525.0,1,0,28,2,231838.8,2,0,0,46897.21,0,0
551,15582986,Jones,439.0,2,1,22,5,91471.45,2,1,1,49078.27,1,1
552,15589643,Williams,751.0,0,0,73,4,79512.39,3,0,0,140294.12,1,1
553,15520764,Johnson,803.0,1,0,37,1,135250.72,3,0,1,13450.22,1,1
554,15586027,Smith,386.0,0,1,58,6,135250.72,2,1,0,107536.46,0,0
555,15538494,Miller,665.0,1,0,63,3,21887.17,2,0,1,111545.69,1,1
556,15503373,Miller,525.0,1,0,55,0,70700.28,3,1,1,127093.0,0,0
557,15512161,Jones,810.0,0,0,87,3,104645.57,3,1,1,146421.5,1,1
558,15597532,Davis,599.0,2,0,34,5,73129.11,2,0,1,146584.27,1,1
559,15592658,Davis,802.0,0,1,36,6,83051.39,2,1,1,19138.75,1,0
560,15527350,Brown,810.0,1,1,43,6,73443.98,2,0,0,125057.51,0,0
561,15593008,Jones,430.0,0,0,65,6,10374.79,1,1,1,100483.39,1,1
562,15594297,Brown,463.0,1,0,69,2,159273.68,2,0,0,100627.9,1,1
563,15525351,Davis,389.0,0,1,87,5,149323.11,1,1,0,27968.99,0,0
564,15588668,Jones,650.0,2,0,72,7,163345.87,3,0,0,101026.2,0,0
565,15515305,Jones,573.0,0,1,50,3,48077.47,3,1,1,147547.56,0,0
566,15575353,Jones,667.0,2,0,79,7,73913.64,2,1,0,137654.6,1,1
567,15576797,Davis,698.0,0,0,40,1,154903.98,3,1,1,71478.29,0,0
568,15565953,Brown,464.0,2,0,32,9,149906.89,3,0,0,15592.72,1,1
569,15557458,Brown,535.0,1,1,44,8,126582.58,3,0,0,60721.09,0,0
570,15520358,Jones,672.0,0,1,81,8,135250.72,3,1,0,125694.64,0,0
571,15503267,Johnson,405.0,2,1,68,7,228232.75,1,0,0,108209.87,0,0
572,15582745,Williams,389.0,1,0,70,9,84942.56,1,1,0,74308.11,1,1
573,15589588,Davis,703.0,1,1,68,9,113904.79,2,0,1,17714.21,1,0
574,15538513,Williams,389.0,0,0,64,0,169528.46,2,1,0,69765.26,1,1
575,15526092,Williams,696.0,2,1,21,1,135755.36,2,0,0,75663.49,1,1
576,15511338,Brown,810.0,0,1,55,5,86721.49,3,1,1,139997.77,1,1
577,15500412,Brown,586.0,1,0,52,9,108911.2,3,1,1,99752.05,1,1
578,15507543,Johnson,638.0,2,1,65,4,198620.2,1,1,1,53631.41,1,1
579,15533496,Williams,611.0,1,1,90,8,69532.29,1,1,0,83544.56,1,1
580,15560692,Williams,565.0,1,1,89,4,35563.81,2,0,0,19247.74,1,1
581,15589084,Jones,496.0,2,1,62,1,78290.8,1,1,0,146159.55,0,0
582,15592920,Brown,685.0,1,0,89,9,212383.55,1,0,0,60408.39,0,1
583,15544425,Williams,517.0,2,0,36,3,22247.43,1,0,0,76901.43,1,1
584,15538756,Miller,441.0,0,1,80,8,247924.02,1,1,0,59739.76,1,1
585,15518888,Johnson,702.0,0,1,55,0,135250.72,1,0,1,105551.64,1,0
586,15535735,Miller,408.0,0,1,84,0,246211.44,2,0,1,102712.5,1,1
587,15547295,Miller,408.0,2,0,76,6,234749.11,2,0,0,110145.12,0,0
588,15583042,Davis,653.0,0,0,86,2,113203.43,1,1,0,47540.05,0,0
589,15585999,Davis,518.0,2,0,30,9,49622.77,2,0,0,54193.59,1,1
590,15517955,Johnson,618.0,2,0,64,1,41221.19,3,0,0,27535.17,0,0
591,15537841,Miller,712.0,0,1,78,8,59997.34,1,1,0,101771.4,0,0
592,15570640,Williams,394.0,1,1,48,2,177533.16,3,1,1,15571.6,1,1
593,15565510,Brown,694.0,2,1,39,1,68237.5,2,0,1,93675.53,1,1
594,15534911,Johnson,530.0,1,0,60,7,85356.32,2,1,0,131757.42,1,1
595,15559031,Jones,519.0,1,1,55,9,112194.7,3,0,1,134716.5,1,1
596,15588726,Miller,705.0,2,0,71,5,228308.17,2,0,0,72865.29,0,0
597,15507357,Johnson,540.0,0,0,27,5,135250.72,1,0,0,74302.52,1,1
598,15532479,Smith,504.0,1,1,59,9,135250.72,3,1,0,20775.69,0,0
599,15561476,Smith,771.0,0,1,81,6,15024.1,1,0,1,103907.1,1,1
600,15544811,Davis,537.0,0,1,38,6,226191.59,3,1,1,124976.32,0,0
601,15536208,Brown,356.0,2,0,83,5,161879.12,2,1,0,44251.71,1,1
602,15520150,Williams,482.0,0,0,58,3,68260.15,3,0,1,68982.12,1,1
603,15571180,Brown,584.0,0,1,41,8,44298.13,3,1,1,127437.51,0,0
604,15543286,Brown,394.0,2,1,55,5,73566.68,1,1,0,132796.87,0,0
605,15568450,Brown,663.0,2,0,73,3,28699.23,2,1,1,44045.2,0,0
606,15521352,Brown,598.0,0,1,47,2,235383.23,1,1,1,87079.89,1,1
607,15555069,Jones,848.0,0,0,74,3,196051.54,2,1,0,36949.04,0,0
608,15514397,Jones,380.0,1,0,64,2,115597.79,1,0,0,24263.03,0,1
609,15541555,Davis,372.0,0,1,52,1,216240.65,3,1,1,137556.87,0,0
610,15546959,Johnson,775.0,0,1,36,4,62364.55,1,0,0,124871.05,0,0
611,15500728,Smith,743.0,1,1,25,1,135250.72,2,0,1,116404.89,0,0
612,15550517,Brown,509.0,0,1,43,5,214033.12,2,0,0,16827.28,0,0
613,15566234,Davis,712.0,1,0,88,2,89192.18,3,0,0,128122.03,0,0
614,15539954,Johnson,786.0,0,0,47,5,189366.11,2,0,0,71326.17,0,0
615,15547280,Smith,507.0,0,0,24,9,73768.09,1,0,0,57935.32,0,0
616,15579459,Miller,388.0,1,1,84,8,74714.28,3,1,1,86506.69,1,1
617,15516779,Williams,764.0,2,0,82,0,26764.29,2,1,0,22789.45,1,1
618,15563932,Jones,431.0,1,1,53,5,110014.51,2,1,0,115930.52,0,0
619,15572936,Miller,705.0,2,1,42,8,182427.98,1,0,0,91540.91,1,1
620,15524466,Smith,607.0,2,1,54,3,235055.2,1,1,1,36122.61,1,1
621,15536939,Miller,599.0,0,1,18,1,150949.25,3,1,1,36352.51,0,0
622,15569896,Williams,426.0,1,1,32,3,215783.88,2,1,0,35794.81,0,0
623,15535270,Davis,826.0,1,1,54,0,205623.66,1,0,0,17980.33,0,0
624,15559163,Smith,361.0,2,0,30,2,43335.76,3,1,0,92291.78,0,0
625,15582637,Miller,644.0,2,1,25,9,121454.36,2,0,0,127648.74,0,0
626,15551934,Jones,799.0,2,0,22,8,29230.88,2,1,0,12449.75,0,0
627,15564895,Jones,573.0,1,0,77,9,170538.29,3,0,0,16860.65,1,1
628,15532307,Johnson,362.0,0,1,90,4,237474.92,3,0,1,90187.84,0,0
629,15554098,Miller,395.0,1,1,18,5,34272.36,1,0,0,124729.4,1,0
630,15560921,Brown,504.0,2,1,53,2,183470.78,2,1,0,55743.44,0,0
631,15505486,Miller,462.0,0,0,52,4,158059.54,2,1,0,58946.02,0,0
632,15508335,Davis,582.0,2,1,83,7,145901.26,2,0,0,93488.51,1,1
633,15586900,Smith,366.0,1,0,80,5,97530.06,3,1,0,48389.8,0,0
634,15589112,Smith,709.0,0,1,40,3,135250.72,1,0,0,13725.17,0,0
635,15597203,Davis,572.0,0,1,26,1,11312.3,2,0,1,112931.99,1,1
636,15511130,Miller,703.0,2,0,51,8,54477.18,3,1,1,97590.99,0,0
637,15587508,Davis,537.0,0,0,63,0,3794.22,2,1,1,91305.84,1,1
638,15560566,Williams,797.0,0,1,21,0,145354.28,1,1,1,113835.78,0,0
639,15566703,Davis,693.0,0,0,47,3,26463.31,2,0,1,104532.32,0,0
640,15527192,Jones,714.0,1,0,89,6,218254.85,1,0,1,38823.48,1,0
641,15501062,Davis,512.0,1,0,20,0,130785.76,1,1,0,59347.35,0,0
642,15584076,Smith,845.0,1,0,31,8,174922.48,2,0,0,27655.42,1,1
643,15589780,Jones,675.0,0,0,77,3,102714.27,2,1,0,28179.98,1,1
644,15521545,Smith,816.0,1,1,62,2,140144.95,1,0,0,104667.4,1,1
645,15521689,Johnson,763.0,2,1,51,0,235664.79,3,1,0,130204.01,0,1
646,15511174,Brown,804.0,2,0,62,9,20683.51,1,1,0,144782.56,0,0
647,15588461,Smith,423.0,0,1,78,3,63484.44,2,0,1,97968.6,1,1
648,15509348,Jones,582.0,0,1,33,8,194997.08,2,1,0,35774.19,0,0
649,15523714,Johnson,573.0,0,0,83,9,24684.3,3,1,1,24791.05,0,0
650,15538102,Smith,831.0,0,1,57,5,18915.28,1,0,1,123799.14,0,0
651,15574460,Williams,668.0,0,0,34,5,90385.35,1,1,0,91025.91,1,1
652,15589930,Davis,761.0,2,0,51,0,23041.99,1,0,0,96559.9,0,1
653,15506801,Brown,409.0,2,1,33,9,146269.61,2,1,0,119404.69,1,0
654,15572267,Smith,684.0,1,0,77,1,56568.81,1,0,0,108458.81,0,0
655,15548136,Johnson,571.0,0,0,83,5,223924.49,3,1,0,126824.16,0,0
656,15523625,Williams,386.0,0,0,83,1,195875.02,2,1,0,17869.95,1,1
657,15582873,Miller,826.0,2,0,55,2,174926.3,2,1,0,114652.89,0,0
658,15572592,Johnson,627.0,1,0,73,3,154236.01,1,1,1,129119.39,1,1
659,15577052,Davis,545.0,0,1,48,4,215866.43,3,0,0,50058.91,0,0
660,15544261,Johnson,753.0,0,1,51,8,55765.52,2,0,0,99662.62,1,1
661,15501542,Williams,701.0,0,0,56,3,218277.21,2,0,1,53982.69,0,0
662,15521677,Johnson,833.0,0,0,84,8,197373.07,1,0,0,144115.95,0,0
663,15546732,Williams,591.0,2,1,25,9,187040.21,1,0,0,14679.3,0,0
664,15550343,Smith,673.0,1,0,72,2,140313.92,3,0,1,91171.0,1,1
665,15539081,Williams,568.0,0,0,44,7,61561.04,1,0,0,33310.5,1,1
666,15562856,Williams,541.0,2,0,70,0,105886.98,3,1,0,109710.83,1,1
667,15593105,Brown,366.0,2,0,56,8,198392.66,2,1,0,34624.64,0,0
668,15588858,Williams,361.0,1,0,55,8,7944.62,3,1,0,42953.66,1,1
669,15519065,Williams,599.0,0,0,34,9,195512.69,3,1,0,79211.91,1,1
670,15583460,Miller,750.0,1,0,47,1,60017.69,3,0,0,138076.89,1,0
671,15588092,Smith,743.0,0,0,70,3,36077.3,2,0,1,39640.01,1,1
672,15554693,Davis,723.0,2,0,30,7,28925.33,1,0,0,30193.6,1,1
673,15526962,Brown,542.0,0,1,38,6,6812.5,2,1,0,116256.76,1,1
674,15528295,Miller,371.0,1,1,36,0,130896.62,1,0,1,80086.73,1,1
675,15513807,Jones,823.0,1,1,70,4,54564.97,3,1,1,137649.92,1,1
676,15542348,Smith,469.0,2,0,36,6,135250.72,3,0,0,30526.04,1,1
677,15526432,Smith,559.0,0,0,74,3,143609.19,3,0,1,100429.91,1,1
678,15583285,Jones,599.0,0,0,42,0,34471.32,3,0,0,42603.08,0,0
679,15591792,Davis,619.0,1,0,48,8,135250.72,3,0,0,31946.46,0,0
680,15557854,Williams,541.0,1,0,72,4,224435.89,1,1,1,105680.12,1,1
681,15540262,Miller,524.0,1,0,55,1,186294.87,1,1,0,93115.85,0,0
682,15537080,Johnson,634.0,0,0,49,7,19109.97,3,0,0,115675.84,0,1
683,15501324,Brown,553.0,1,1,79,1,223971.05,2,1,1,53324.76,1,1
684,15591267,Johnson,513.0,1,0,91,2,198482.35,2,0,1,72716.03,1,1
685,15535909,Jones,600.0,0,1,27,9,39575.98,3,0,1,66766.03,1,1
686,15589339,Smith,576.0,0,1,89,0,12946.47,1,0,1,147772.52,0,0
687,15519870,Davis,785.0,0,0,71,1,135250.72,2,0,0,50914.85,1,1
688,15534578,Smith,730.0,0,0,69,6,39008.95,2,1,1,51274.41,0,0
689,15572124,Brown,809.0,2,1,37,9,208647.74,2,0,1,59636.75,1,1
690,15526790,Smith,356.0,2,1,49,1,89583.66,3,0,1,89043.17,0,1
691,15525289,Smith,378.0,0,0,31,5,228223.11,2,1,1,45325.18,0,0
692,15555129,Brown,744.0,2,0,67,2,141422.04,2,0,1,138140.59,1,1
693,15593714,Miller,382.0,1,1,45,3,135250.72,2,1,0,47195.98,1,1
694,15594246,Miller,483.0,0,0,70,7,34899.72,2,0,1,135414.2,0,0
695,15515485,Brown,716.0,1,0,41,2,144118.11,1,0,0,24486.51,0,0
696,15544482,Davis,428.0,2,0,39,9,190470.9,3,0,1,101918.78,1,1
697,15586188,Jones,765.0,2,1,47,5,195376.41,3,0,1,136977.97,1,1
698,15504748,Smith,784.0,2,1,80,0,68939.35,1,0,1,33624.92,0,1
699,15586769,Davis,808.0,2,0,55,6,51061.69,1,0,1,145565.77,1,0
700,15509435,Smith,407.0,2,0,76,7,4189.08,3,1,1,73403.67,0,0
501,15551293,Miller,839.0,0,0,23,0,236166.43,3,1,0,109066.88,0,0
290,15515151,Brown,660.0,0,0,32,7,234603.44,1,0,1,116664.59,1,1
